"ijkID","feedbackcode"
"19hiL0ON00232177","19hi10421"
"19hiL0ON00432179","19hi65355"
"19hiL0ON00832190","19hi84010"
"19hiL0ON01232198","19hi68513"
"19hiG0ON01732226","19hi66218"
"19hiG0ON02232248","19hi27191"
"19hiL0ON05132269","19hi57984"
"19hiL0ON05332271","19hi25727"
"19hiG0ON03332309","19hi83486"
"19hiG0ON03432314","19hi39783"
"19hiA0ON02332315","19hi92705"
"19hiL0ON08232325","19hi58790"
"19hiA0ON02532328","19hi54427"
"19hiL0ON08432330","19hi70376"
"19hiL0ON08832335","19hi67825"
"19hiL0ON09632348","19hi11790"
"19hiL0ON09732351","19hi57666"
"19hiL0ON10832371","19hi90668"
"19hiL0ON11432377","19hi65219"
"19hiL0ON76033679","19hi59076"
"19hiL0ON11932388","19hi63676"
"19hiG0ON44233681","19hi42750"
"19hiL0ON13832422","19hi98453"
"19hiA0ON03932425","19hi79887"
"19hiL0ON76233682","19hi64542"
"19hiL0ON15132446","19hi86550"
"19hiL0ON15232449","19hi48409"
"19hiL0ON16132463","19hi12359"
"19hiG0ON08032476","19hi12694"
"19hiL0ON17632492","19hi94656"
"19hiL0ON17732493","19hi90954"
"19hiL0ON18032496","19hi63609"
"19hiG0ON09032511","19hi44934"
"19hiL0ON19232517","19hi95362"
"19hiL0ON19332518","19hi17174"
"19hiL0ON19732524","19hi23602"
"19hiL0ON20632543","19hi48570"
"19hiL0ON20832545","19hi98534"
"19hiL0ON21232551","19hi60177"
"19hiA0ON05032567","19hi19230"
"19hiL0ON22332574","19hi28359"
"19hiL0ON22532581","19hi48207"
"19hiG0ON11432584","19hi53143"
"19hiL0ON22932588","19hi44387"
"19hiL0ON23132594","19hi36848"
"19hiL0ON23932604","19hi99240"
"19hiA0ON05832609","19hi41116"
"19hiL0ON25332625","19hi58583"
"19hiG0ON44833693","19hi38144"
"19hiL0ON25532628","19hi87026"
"19hiL0ON25732630","19hi16013"
"19hiL0ON25832631","19hi18060"
"19hiG0ON12232636","19hi94815"
"19hiL0ON26432645","19hi22684"
"19hiL0ON27032656","19hi71982"
"19hiL0ON27332661","19hi10720"
"19hiL0ON27732673","19hi12771"
"19hiL0ON27932676","19hi97829"
"19hiL0ON28132680","19hi69793"
"19hiA0ON06632684","19hi85560"
"19hiA0ON06732686","19hi82754"
"19hiL0ON28232692","19hi17542"
"19hiG0ON14532696","19hi28570"
"19hiG0ON14732706","19hi59574"
"19hiG0ON14832708","19hi93890"
"19hiA0ON07032709","19hi44470"
"19hiG0ON14932712","19hi98713"
"19hiL0ON29832721","19hi47932"
"19hiL0ON31332737","19hi44510"
"19hiL0ON31932749","19hi33013"
"19hiL0ON32132752","19hi39448"
"19hiA0ON07732761","19hi91129"
"19hiL0ON33032765","19hi18311"
"19hiG0ON16632792","19hi16303"
"19hiA0ON08132793","19hi68153"
"19hiL0ON77033708","19hi77972"
"19hiL0ON34632806","19hi54987"
"19hiL0ON35332817","19hi24292"
"19hiG0ON17832822","19hi77704"
"19hiA0ON08732823","19hi17054"
"19hiA0ON22633712","19hi19526"
"19hiL0ON37032852","19hi30905"
"19hiL0ON37432857","19hi91934"
"19hiL0ON37832865","19hi96419"
"19hiL0ON38332875","19hi80668"
"19hiG0ON19632886","19hi92994"
"19hiG0ON45833720","19hi41555"
"19hiL0ON39132892","19hi32429"
"19hiL0ON77633722","19hi17590"
"19hiA0ON23033723","19hi22535"
"19hiA0ON10232916","19hi28779"
"19hiG0ON21332923","19hi39976"
"19hiL0ON40232924","19hi14112"
"19hiG0ON21432935","19hi49390"
"19hiL0ON41332936","19hi18242"
"19hiL0ON41432937","19hi32643"
"19hiL0ON41632940","19hi21636"
"19hiL0ON41932946","19hi23683"
"19hiL0ON42032947","19hi10942"
"19hiL0ON42232950","19hi95463"
"19hiG0ON21732952","19hi23021"
"19hiA0ON10732953","19hi12108"
"19hiL0ON77933726","19hi20184"
"19hiL0ON43832978","19hi34840"
"19hiL0ON44132981","19hi57901"
"19hiL0ON44532987","19hi58272"
"19hiL0ON45032996","19hi11841"
"19hiG0ON22532997","19hi75515"
"19hiL0ON45132998","19hi46975"
"19hiL0ON45733013","19hi16808"
"19hiL0ON45933015","19hi49619"
"19hiL0ON47533044","19hi49904"
"19hiL0ON47833048","19hi79768"
"19hiG0ON24233055","19hi97228"
"19hiL0ON48333064","19hi20168"
"19hiL0ON48533067","19hi85792"
"19hiL0ON48633068","19hi29428"
"19hiG0ON24833071","19hi73785"
"19hiL0ON48833072","19hi21619"
"19hiG0ON46633742","19hi49214"
"19hiA0ON12633086","19hi38309"
"19hiA0ON12733090","19hi44213"
"19hiG0ON25433091","19hi41125"
"19hiG0ON26033108","19hi18106"
"19hiG0ON26633117","19hi62248"
"19hiL0ON50533129","19hi71783"
"19hiG0ON27033132","19hi41041"
"19hiL0ON50933137","19hi45012"
"19hiL0ON78733751","19hi39095"
"19hiA0ON13733141","19hi78755"
"19hiL0ON78833752","19hi75962"
"19hiL0ON51633153","19hi18013"
"19hiA0ON13933155","19hi52508"
"19hiL0ON78933754","19hi44776"
"19hiG0ON28233161","19hi43114"
"19hiL0ON79233758","19hi29965"
"19hiL0ON79433761","19hi35536"
"19hiL0ON79533763","19hi23491"
"19hiA0ON14933213","19hi92217"
"19hiL0ON79733766","19hi26512"
"19hiL0ON54733224","19hi72832"
"19hiG0ON30033226","19hi20581"
"19hiL0ON54833231","19hi64849"
"19hiA0ON23933771","19hi45437"
"19hiG0ON30533247","19hi74196"
"19hiL0ON56133251","19hi73180"
"19hiL0ON56333253","19hi61850"
"19hiA0ON15833255","19hi53171"
"19hiL0ON57033265","19hi27460"
"19hiA0ON24133779","19hi39627"
"19hiL0ON80233780","19hi59307"
"19hiL0ON57133268","19hi70931"
"19hiG0ON31033274","19hi89671"
"19hiL0ON57833281","19hi64662"
"19hiL0ON58633295","19hi85445"
"19hiG0ON31733300","19hi32556"
"19hiL0ON59133306","19hi72423"
"19hiG0ON47933789","19hi87512"
"19hiL0ON60033321","19hi33087"
"19hiL0ON60333327","19hi12546"
"19hiL0ON80933794","19hi58289"
"19hiL0ON61133347","19hi50239"
"19hiL0ON61233348","19hi15982"
"19hiL0ON61433351","19hi24884"
"19hiL0ON81233802","19hi58682"
"19hiA0ON18133369","19hi70998"
"19hiL0ON81433805","19hi72185"
"19hiA0ON24633812","19hi84154"
"19hiG0ON33933392","19hi39854"
"19hiG0ON34033394","19hi75838"
"19hiL0ON82033824","19hi55897"
"19hiL0ON82133826","19hi93354"
"19hiL0ON82233827","19hi89684"
"19hiL0ON63733407","19hi52865"
"19hiL0ON63933409","19hi25286"
"19hiL0ON64033412","19hi35429"
"19hiL0ON64233415","19hi27395"
"19hiL0ON64433422","19hi10661"
"19hiL0ON64733427","19hi55381"
"19hiG0ON35133434","19hi54723"
"19hiA0ON19033442","19hi11814"
"19hiL0ON82933840","19hi48985"
"19hiG0ON35733446","19hi12951"
"19hiL0ON65833449","19hi80290"
"19hiL0ON66133457","19hi95212"
"19hiG0ON50033850","19hi13593"
"19hiL0ON83333852","19hi58640"
"19hiL0ON66833475","19hi23778"
"19hiL0ON83633857","19hi11483"
"19hiL0ON67533486","19hi46938"
"19hiL0ON84033862","19hi36038"
"19hiL0ON84133865","19hi47768"
"19hiG0ON37533497","19hi37168"
"19hiG0ON38233516","19hi77601"
"19hiG0ON38433518","19hi69362"
"19hiA0ON19933521","19hi99718"
"19hiG0ON38633523","19hi89547"
"19hiL0ON69133530","19hi14908"
"19hiG0ON39333537","19hi66689"
"19hiL0ON69733542","19hi63265"
"19hiL0ON70633559","19hi93965"
"19hiA0ON20433565","19hi93547"
"19hiA0ON20633573","19hi86975"
"19hiL0ON71133577","19hi24759"
"19hiL0ON85133895","19hi70259"
"19hiL0ON71233580","19hi25090"
"19hiL0ON85233897","19hi83682"
"19hiL0ON85433900","19hi36457"
"19hiL0ON72333606","19hi93553"
"19hiL0ON72433607","19hi68669"
"19hiG0ON41533611","19hi78816"
"19hiG0ON41633613","19hi22470"
"19hiL0ON86033916","19hi34404"
"19hiL0ON74133639","19hi15253"
"19hiG0ON52733924","19hi47723"
"19hiL0ON74333643","19hi45497"
"19hiG0ON52833925","19hi69348"
"19hiL0ON74433645","19hi56468"
"19hiG0ON52933928","19hi35243"
"19hiL0ON74633652","19hi80927"
"19hiA0ON26733930","19hi27057"
"19hiL0ON74833654","19hi73055"
"19hiL0ON86433931","19hi71010"
"19hiL0ON86733937","19hi48020"
"19hiG0ON43633664","19hi32187"
"19hiL0ON87033942","19hi35885"